﻿<Options>
    <Option Name="PrependPath" Value="yes" />
	<Option Name="Include_doc" Value="no" />
	<Option Name="Include_pip" Value="no" />
	<Option Name="Include_tcltk" Value="yes" />
	<Option Name="InstallAllUsers" Value="no" />
    <Option Name="Include_launcher" Value="yes" />
    <Option Name="Include_test" Value="no" />
	<Option Name="Include_dev" Value="no" />
	<Option Name="Include_exe" Value="no" />
	<Option Name="Include_tools" Value="no" />
	<Option Name="SimpleInstall" Value="yes" />	
	<Option Name="SimpleInstallDescription">Скачать и установить Python (будет загружено около 13 МБ). Если Python уже установлен, этот шаг можно отменить (нажмите Cancel). Для запуска приложения запускайте файл Students.pyw.</Option>
</Options>