﻿<Options>
    <Option Name="PrependPath" Value="yes" />
	<Option Name="Include_doc" Value="no" />
	<Option Name="Include_pip" Value="no" />
	<Option Name="Include_tcltk" Value="yes" />
	<Option Name="InstallAllUsers" Value="no" />
    <Option Name="Include_launcher" Value="yes" />
    <Option Name="Include_test" Value="no" />
	<Option Name="Include_dev" Value="no" />
	<Option Name="Include_exe" Value="no" />
	<Option Name="Include_tools" Value="no" />
	<Option Name="SimpleInstall" Value="yes" />	
	<Option Name="SimpleInstallDescription">Если у вас уже установлен Python, пропустите этот шаг (нажмите Cancel). В противном случае, пожалуйста, проверьте соединение с Интернетом и нажмите здесь. Будет загружено около 13 МБ данных. После установки запускайте файл Students.pyw</Option>
</Options>