<Options>
    <Option Name="PrependPath" Value="yes" />
	<Option Name="Include_doc" Value="no" />
	<Option Name="Include_pip" Value="no" />
	<Option Name="Include_tcltk" Value="yes" />
	<Option Name="InstallAllUsers" Value="no" />
    <Option Name="Include_launcher" Value="yes" />
    <Option Name="Include_test" Value="no" />
    <Option Name="SimpleInstall" Value="yes" />
    <Option Name="SimpleInstallDescription">Нажмите для установки среды Python и запуска Students</Option>
</Options>